Headline,Summary,Video_link,Date_posted
Python Tutorial: Zip Files – Creating and Extracting Zip Archives,"In this video, we will be learning how to create and extract zip archives. We will start by using the zipfile module, and then we will see how to do this using the shutil module. We will learn how to do this with single files and directories, as well as learning how to use gzip as well. Let’s get started…",https://www.youtube.com/embed/z0gguhEmWiY?version=3&rel=1&showsearch=0&showinfo=1&iv_load_policy=1&fs=1&hl=en-US&autohide=2&wmode=transparent,"November 19, 2019"
Python Data Science Tutorial: Analyzing the 2019 Stack Overflow Developer Survey,"In this video, we will be learning how to create and extract zip archives. We will start by using the zipfile module, and then we will see how to do this using the shutil module. We will learn how to do this with single files and directories, as well as learning how to use gzip as well. Let’s get started…",https://www.youtube.com/embed/z0gguhEmWiY?version=3&rel=1&showsearch=0&showinfo=1&iv_load_policy=1&fs=1&hl=en-US&autohide=2&wmode=transparent,"October 17, 2019"
Python Multiprocessing Tutorial: Run Code in Parallel Using the Multiprocessing Module,"In this video, we will be learning how to create and extract zip archives. We will start by using the zipfile module, and then we will see how to do this using the shutil module. We will learn how to do this with single files and directories, as well as learning how to use gzip as well. Let’s get started…",https://www.youtube.com/embed/z0gguhEmWiY?version=3&rel=1&showsearch=0&showinfo=1&iv_load_policy=1&fs=1&hl=en-US&autohide=2&wmode=transparent,"September 21, 2019"
Python Threading Tutorial: Run Code Concurrently Using the Threading Module,"In this video, we will be learning how to create and extract zip archives. We will start by using the zipfile module, and then we will see how to do this using the shutil module. We will learn how to do this with single files and directories, as well as learning how to use gzip as well. Let’s get started…",https://www.youtube.com/embed/z0gguhEmWiY?version=3&rel=1&showsearch=0&showinfo=1&iv_load_policy=1&fs=1&hl=en-US&autohide=2&wmode=transparent,"September 12, 2019"
Update (2019-09-03),"In this video, we will be learning how to create and extract zip archives. We will start by using the zipfile module, and then we will see how to do this using the shutil module. We will learn how to do this with single files and directories, as well as learning how to use gzip as well. Let’s get started…",https://www.youtube.com/embed/z0gguhEmWiY?version=3&rel=1&showsearch=0&showinfo=1&iv_load_policy=1&fs=1&hl=en-US&autohide=2&wmode=transparent,"September 3, 2019"
Python Quick Tip: The Difference Between “==” and “is” (Equality vs Identity),"In this video, we will be learning how to create and extract zip archives. We will start by using the zipfile module, and then we will see how to do this using the shutil module. We will learn how to do this with single files and directories, as well as learning how to use gzip as well. Let’s get started…",https://www.youtube.com/embed/z0gguhEmWiY?version=3&rel=1&showsearch=0&showinfo=1&iv_load_policy=1&fs=1&hl=en-US&autohide=2&wmode=transparent,"August 6, 2019"
Python Tutorial: Calling External Commands Using the Subprocess Module,"In this video, we will be learning how to create and extract zip archives. We will start by using the zipfile module, and then we will see how to do this using the shutil module. We will learn how to do this with single files and directories, as well as learning how to use gzip as well. Let’s get started…",https://www.youtube.com/embed/z0gguhEmWiY?version=3&rel=1&showsearch=0&showinfo=1&iv_load_policy=1&fs=1&hl=en-US&autohide=2&wmode=transparent,"July 24, 2019"
Visual Studio Code (Windows) – Setting up a Python Development Environment and Complete Overview,"In this video, we will be learning how to create and extract zip archives. We will start by using the zipfile module, and then we will see how to do this using the shutil module. We will learn how to do this with single files and directories, as well as learning how to use gzip as well. Let’s get started…",https://www.youtube.com/embed/z0gguhEmWiY?version=3&rel=1&showsearch=0&showinfo=1&iv_load_policy=1&fs=1&hl=en-US&autohide=2&wmode=transparent,"May 1, 2019"
Visual Studio Code (Mac) – Setting up a Python Development Environment and Complete Overview,"In this video, we will be learning how to create and extract zip archives. We will start by using the zipfile module, and then we will see how to do this using the shutil module. We will learn how to do this with single files and directories, as well as learning how to use gzip as well. Let’s get started…",https://www.youtube.com/embed/z0gguhEmWiY?version=3&rel=1&showsearch=0&showinfo=1&iv_load_policy=1&fs=1&hl=en-US&autohide=2&wmode=transparent,"May 1, 2019"
Clarifying the Issues with Mutable Default Arguments,"In this video, we will be learning how to create and extract zip archives. We will start by using the zipfile module, and then we will see how to do this using the shutil module. We will learn how to do this with single files and directories, as well as learning how to use gzip as well. Let’s get started…",https://www.youtube.com/embed/z0gguhEmWiY?version=3&rel=1&showsearch=0&showinfo=1&iv_load_policy=1&fs=1&hl=en-US&autohide=2&wmode=transparent,"April 24, 2019"
